{"cameraMode":{"drawMode":0,"name":"Shaded","section":"Shading Mode"},"sceneLighting":true,"audioPlay":false,"sceneViewState":{"m_AlwaysRefresh":false,"showFog":true,"showSkybox":true,"showFlares":true,"showImageEffects":true,"showParticleSystems":true,"showVisualEffectGraphs":true,"m_FxEnabled":true},"in2DMode":false,"pivot":{"x":5.721158981323242,"y":3.395043134689331,"z":-0.5880696773529053},"rotation":{"x":0.23621100187301637,"y":-0.5026544332504273,"z":0.14495670795440675,"w":0.8189101815223694},"size":1.2585186958312989,"orthographic":false}